{
  "version": "2024.2",
  "applications": [],
  "platforms": [
    {
      "name": "biss_bridge"
    }
  ],
  "systems": [
    {
      "name": "uart_bridge_system",
      "platform": "C:/Users/Timi_/git/BiSS_Bridge/5_vitis/workspace/biss_bridge/export/biss_bridge/biss_bridge.xpfm",
      "sysConfig": "biss_bridge",
      "buildConfig": "Debug",
      "applications": [
        {
          "name": "uart_bridge",
          "platform": "C:/Users/Timi_/git/BiSS_Bridge/5_vitis/workspace/biss_bridge/export/biss_bridge/biss_bridge.xpfm",
          "platformPath": "C:\\git\\BiSS_Bridge\\5_vitis\\workspace\\biss_bridge\\export\\biss_bridge",
          "sysConfig": "biss_bridge",
          "domain": "standalone_domain",
          "system": "uart_bridge_system"
        }
      ],
      "platformPath": "C:\\git\\BiSS_Bridge\\5_vitis\\workspace\\biss_bridge\\export\\biss_bridge"
    }
  ],
  "others": []
}